city,lat,lng,country,iso2,admin_name
Casablanca,33.5992,-7.62,Morocco,MA,Casablanca-Settat
Tangier,35.7767,-5.8039,Morocco,MA,Tanger-Tétouan-Al Hoceïma
Fès,34.0433,-5.0033,Morocco,MA,Fès-Meknès
Marrakech,31.6295,-7.9811,Morocco,MA,Marrakech-Safi
Sale,34.05,-6.8167,Morocco,MA,Rabat-Salé-Kénitra
Meknès,33.8833,-5.55,Morocco,MA,Fès-Meknès
Rabat,34.0211,-6.8414,Morocco,MA,Rabat-Salé-Kénitra
Agadir,30.4214,-9.5831,Morocco,MA,Souss-Massa
Kenitra,34.25,-6.5833,Morocco,MA,Rabat-Salé-Kénitra
Oujda-Angad,34.6867,-1.9114,Morocco,MA,Oriental
Tétouan,35.5667,-5.3667,Morocco,MA,Tanger-Tétouan-Al Hoceïma
Safi,32.2833,-9.2333,Morocco,MA,Marrakech-Safi
Taourirt,34.41,-2.89,Morocco,MA,Oriental
Temara,33.9234,-6.9076,Morocco,MA,Rabat-Salé-Kénitra
Laâyoune,27.15,-13.2,Morocco,MA,Laâyoune-Sakia El Hamra
El Jadid,33.2566,-8.5025,Morocco,MA,Casablanca-Settat
Ait Melloul,30.3342,-9.4972,Morocco,MA,Souss-Massa
Béni Mellal,32.3394,-6.3608,Morocco,MA,Béni Mellal-Khénifra
Bouskoura,33.4489,-7.6486,Morocco,MA,Casablanca-Settat
Tiznit,29.7,-9.7269,Morocco,MA,Souss-Massa
Mohammedia,33.6833,-7.3833,Morocco,MA,Casablanca-Settat
Kouribga,32.88,-6.9,Morocco,MA,Béni Mellal-Khénifra
Settat,33.0023,-7.6198,Morocco,MA,Casablanca-Settat
Barrechid,33.27,-7.5872,Morocco,MA,Casablanca-Settat
Ad Dakhla,23.7167,-15.95,Morocco,MA,Dakhla-Oued Ed-Dahab
Nador,35.1667,-2.9333,Morocco,MA,Oriental
Taza,34.2144,-4.0088,Morocco,MA,Fès-Meknès
Inezgane,30.3658,-9.5381,Morocco,MA,Souss-Massa
Larache,35.1833,-6.15,Morocco,MA,Tanger-Tétouan-Al Hoceïma
Al Khmissat,33.81,-6.06,Morocco,MA,Rabat-Salé-Kénitra
Guelmim,28.9833,-10.0667,Morocco,MA,Guelmim-Oued Noun
Ksar El Kebir,35.0,-5.9,Morocco,MA,Tanger-Tétouan-Al Hoceïma
Khénifra,32.93,-5.66,Morocco,MA,Béni Mellal-Khénifra
Skhirate,33.85,-7.03,Morocco,MA,Rabat-Salé-Kénitra
Beni Yakhlef,33.6555,-7.3221,Morocco,MA,Casablanca-Settat
Sidi Yahya Zaer,33.7105,-6.8831,Morocco,MA,Rabat-Salé-Kénitra
Ben Guerir,32.23,-7.95,Morocco,MA,Marrakech-Safi
Ait Ali,30.1739,-9.4881,Morocco,MA,Souss-Massa
My Drarga,30.3805,-9.4763,Morocco,MA,Souss-Massa
Lqoliaa,30.2942,-9.4544,Morocco,MA,Souss-Massa
El Kelaa des Srarhna,32.05,-7.4,Morocco,MA,Marrakech-Safi
Moulay Abdallah,33.1978,-8.5883,Morocco,MA,Casablanca-Settat
Tiflet,33.9,-6.33,Morocco,MA,Rabat-Salé-Kénitra
Oulad Teïma,30.4,-9.21,Morocco,MA,Souss-Massa
Berkane,34.9167,-2.3167,Morocco,MA,Oriental
Ain El Aouda,33.8111,-6.7922,Morocco,MA,Rabat-Salé-Kénitra
Errachidia,31.9319,-4.4244,Morocco,MA,Drâa-Tafilalet
Al Fqih Ben Çalah,32.507,-6.6886,Morocco,MA,Béni Mellal-Khénifra
Ad Darwa,33.4167,-7.5333,Morocco,MA,Casablanca-Settat
Martil,35.61,-5.27,Morocco,MA,Tanger-Tétouan-Al Hoceïma
Sidi Slimane,34.26,-5.93,Morocco,MA,Rabat-Salé-Kénitra
Oued Zem,32.8619,-6.5711,Morocco,MA,Béni Mellal-Khénifra
Sefrou,33.83,-4.83,Morocco,MA,Fès-Meknès
Taroudannt,30.4711,-8.8778,Morocco,MA,Souss-Massa
Essaouira,31.513,-9.7687,Morocco,MA,Marrakech-Safi
Azrou,33.4344,-5.2213,Morocco,MA,Fès-Meknès
Guercif,34.23,-3.36,Morocco,MA,Oriental
Warzat,30.9167,-6.9167,Morocco,MA,Drâa-Tafilalet
Fnidq,35.8414,-5.3587,Morocco,MA,Tanger-Tétouan-Al Hoceïma
Tan-Tan,28.4333,-11.1,Morocco,MA,Guelmim-Oued Noun
Sidi Qacem,34.21,-5.7,Morocco,MA,Rabat-Salé-Kénitra
M’diq,35.68,-5.32,Morocco,MA,Tanger-Tétouan-Al Hoceïma
Youssoufia,32.25,-8.53,Morocco,MA,Marrakech-Safi
Midalt,32.68,-4.74,Morocco,MA,Drâa-Tafilalet
Aïn Harrouda,33.6372,-7.4483,Morocco,MA,Casablanca-Settat
Souq Sebt Oulad Nemma,32.3,-6.7,Morocco,MA,Béni Mellal-Khénifra
Mehdya,34.2557,-6.6745,Morocco,MA,Rabat-Salé-Kénitra
Ouezzane,34.8,-5.6,Morocco,MA,Tanger-Tétouan-Al Hoceïma
Semara,26.7394,-11.6703,Morocco,MA,Laâyoune-Sakia El Hamra
Ait Ourir,31.5644,-7.6628,Morocco,MA,Marrakech-Safi
Oulad Tayeb,33.9598,-4.9954,Morocco,MA,Fès-Meknès
Tit Mellil,33.5533,-7.4822,Morocco,MA,Casablanca-Settat
Sidi Bennour,32.655,-8.4292,Morocco,MA,Casablanca-Settat
Temsia,30.3633,-9.4144,Morocco,MA,Souss-Massa
Biougra,30.2144,-9.3708,Morocco,MA,Souss-Massa
Al Hoceïma,35.2472,-3.9322,Morocco,MA,Tanger-Tétouan-Al Hoceïma
Qasbat Tadla,32.6,-6.26,Morocco,MA,Béni Mellal-Khénifra
Aziylal,31.96,-6.56,Morocco,MA,Béni Mellal-Khénifra
Boujad,32.7741,-6.3925,Morocco,MA,Béni Mellal-Khénifra
Al Aaroui,35.0104,-3.0073,Morocco,MA,Oriental
Mrirt,33.1654,-5.5634,Morocco,MA,Béni Mellal-Khénifra
Tineghir,31.5147,-5.5328,Morocco,MA,Drâa-Tafilalet
Bouknadel,34.1766,-6.6893,Morocco,MA,Rabat-Salé-Kénitra
Cabo Bojador,26.1269,-14.4992,Morocco,MA,Laâyoune-Sakia El Hamra
Zagora,30.3316,-5.8376,Morocco,MA,Drâa-Tafilalet
Azemmour,33.2833,-8.3333,Morocco,MA,Casablanca-Settat
El Hajeb,33.6928,-5.3711,Morocco,MA,Fès-Meknès
Jerada,34.31,-2.16,Morocco,MA,Oriental
El Aïoun,34.5726,-2.5127,Morocco,MA,Oriental
Tameslouht,31.5,-8.1,Morocco,MA,Marrakech-Safi
Sidi Yahia El Gharb,34.3058,-6.3058,Morocco,MA,Rabat-Salé-Kénitra
Chichaoua,31.5333,-8.7667,Morocco,MA,Marrakech-Safi
Al ’Attawia,31.83,-7.31,Morocco,MA,Marrakech-Safi
Tabount,30.9014,-6.9217,Morocco,MA,Drâa-Tafilalet
Zaïo,34.9396,-2.7334,Morocco,MA,Oriental
Aguelmous,33.1324,-5.8366,Morocco,MA,Béni Mellal-Khénifra
Asilah,35.4667,-6.0333,Morocco,MA,Tanger-Tétouan-Al Hoceïma
Imzouren,35.1464,-3.8506,Morocco,MA,Tanger-Tétouan-Al Hoceïma
Mediouna,33.4556,-7.5208,Morocco,MA,Casablanca-Settat
Demnat,31.7311,-7.0361,Morocco,MA,Béni Mellal-Khénifra
Aïn Taoujdat,33.9333,-5.2167,Morocco,MA,Fès-Meknès
Sidi Smai’il,32.8167,-8.5,Morocco,MA,Casablanca-Settat
Moulay Bousselham,34.8786,-6.2933,Morocco,MA,Rabat-Salé-Kénitra
Mechraa Bel Ksiri,34.56,-5.95,Morocco,MA,Rabat-Salé-Kénitra
Souk et Tnine Jorf el Mellah,34.4945,-5.5047,Morocco,MA,Rabat-Salé-Kénitra
Zeghanghane,35.1575,-3.0017,Morocco,MA,Oriental
Oulad Barhil,30.6408,-8.475,Morocco,MA,Souss-Massa
Bir Jdid,33.3737,-8.0002,Morocco,MA,Casablanca-Settat
Bou Arfa,32.531,-1.9631,Morocco,MA,Oriental
Tahannawt,31.3514,-7.9508,Morocco,MA,Marrakech-Safi
Arfoud,31.4361,-4.2328,Morocco,MA,Drâa-Tafilalet
Tahla,34.05,-4.42,Morocco,MA,Fès-Meknès
Missour,33.05,-3.9908,Morocco,MA,Fès-Meknès
Sidi Lmokhtar,31.57,-9.01,Morocco,MA,Marrakech-Safi
Douar Toulal,33.8951,-5.6021,Morocco,MA,Fès-Meknès
Oulad Yaïch,32.4167,-6.3333,Morocco,MA,Béni Mellal-Khénifra
Zawyat ech Cheïkh,32.6541,-5.9214,Morocco,MA,Béni Mellal-Khénifra
Imi-n-Tanout,31.177,-8.8504,Morocco,MA,Marrakech-Safi
Sebt Gzoula,32.1219,-9.0889,Morocco,MA,Marrakech-Safi
Tifariti,26.158,-10.567,Morocco,MA,Laâyoune-Sakia El Hamra
